INSERT INTO public.sector_trabajo VALUES(1,'Administrativo');
INSERT INTO public.sector_trabajo VALUES(2,'Almacenes');
INSERT INTO public.sector_trabajo VALUES(3,'Ayud. Gral.');
INSERT INTO public.sector_trabajo VALUES(4,'Descartonado');
INSERT INTO public.sector_trabajo VALUES(5,'Enfardado');
INSERT INTO public.sector_trabajo VALUES(6,'Impresión');
INSERT INTO public.sector_trabajo VALUES(7,'Informática');
INSERT INTO public.sector_trabajo VALUES(8,'Mantenimiento');
INSERT INTO public.sector_trabajo VALUES(9,'Mantenimiento Eléctrico');
INSERT INTO public.sector_trabajo VALUES(10,'Mantenimiento Mec');
INSERT INTO public.sector_trabajo VALUES(11,'Movimientos Internos');
INSERT INTO public.sector_trabajo VALUES(12,'Oficina Técnica');
INSERT INTO public.sector_trabajo VALUES(13,'Pegadora');
INSERT INTO public.sector_trabajo VALUES(14,'Preprensa');
INSERT INTO public.sector_trabajo VALUES(15,'Producción');
INSERT INTO public.sector_trabajo VALUES(16,'Tintas');
INSERT INTO public.sector_trabajo VALUES(17,'Troquelado');


INSERT INTO public.personal (nro_legajo,apellido,nombre,sector,imagen,enabled,id_sector_trabajo) VALUES(120,'ACOSTA ','FABIAN DANIEL','Mantenimiento Electrico', '120.jpg',true,9);
INSERT INTO public.personal (nro_legajo,apellido,nombre,sector,imagen,enabled,id_sector_trabajo) VALUES(971,'ACUÑA','ANGEL RAUL','Pegadora', '971.jpg',true,13);
INSERT INTO public.personal (nro_legajo,apellido,nombre,sector,imagen,enabled,id_sector_trabajo) VALUES(26,'ALZUGARAY','OSCAR LEOPOLDO','Almacenes', '26.jpg',true,2);
INSERT INTO public.personal (nro_legajo,apellido,nombre,sector,imagen,enabled,id_sector_trabajo) VALUES(130,'ARCE','OSVALDO','Almacenes', '130.jpg',true,2);
INSERT INTO public.personal (nro_legajo,apellido,nombre,sector,imagen,enabled,id_sector_trabajo) VALUES(41,'BENITEZ','ALDO JAVIER','Preprensa', '41.jpg',true,14);
INSERT INTO public.personal (nro_legajo,apellido,nombre,sector,imagen,enabled,id_sector_trabajo) VALUES(968,'BILLOUD','CRISTIAN ARIEL','Almacenes', '968.jpg',true,2);
INSERT INTO public.personal (nro_legajo,apellido,nombre,sector,imagen,enabled,id_sector_trabajo) VALUES(963,'BILLOUD','ADRIAN NICOLAS','Almacenes', '963.jpg',true,2);
INSERT INTO public.personal (nro_legajo,apellido,nombre,sector,imagen,enabled,id_sector_trabajo) VALUES(947,'BILLOUD','LUCAS MATIAS','Pegadora', '947.jpg',true,13);
INSERT INTO public.personal (nro_legajo,apellido,nombre,sector,imagen,enabled,id_sector_trabajo) VALUES(988,'BOLGIANI ','JESUS DAVID','Pegadora', '988.jpg',true,13);
INSERT INTO public.personal (nro_legajo,apellido,nombre,sector,imagen,enabled,id_sector_trabajo) VALUES(64,'BRAVO','DANIEL HUGO','Preprensa', '64.jpg',true,14);
INSERT INTO public.personal (nro_legajo,apellido,nombre,sector,imagen,enabled,id_sector_trabajo) VALUES(111,'BROLESE ','FABIO JOAQUIN','Mantenimiento Electrico', '111.jpg',true,9);
INSERT INTO public.personal (nro_legajo,apellido,nombre,sector,imagen,enabled,id_sector_trabajo) VALUES(20,'BRUGNONI','SERGIO DANIEL','Impresión', '20.jpg',true,6);
INSERT INTO public.personal (nro_legajo,apellido,nombre,sector,imagen,enabled,id_sector_trabajo) VALUES(51,'BUSTAMANTE','GUSTAVO FABIAN','Almacenes', '51.jpg',true,2);
INSERT INTO public.personal (nro_legajo,apellido,nombre,sector,imagen,enabled,id_sector_trabajo) VALUES(965,'CAIROLI','FERNANDO DAVID','Tintas', '965.jpg',true,16);
INSERT INTO public.personal (nro_legajo,apellido,nombre,sector,imagen,enabled,id_sector_trabajo) VALUES(138,'CAIROLI','IVAN ALEJANDRO','Administrativo', '138.jpg',true,1);
INSERT INTO public.personal (nro_legajo,apellido,nombre,sector,imagen,enabled,id_sector_trabajo) VALUES(966,'CAIROLI','JAVIER MARCELO','Impresión', '966.jpg',true,6);
INSERT INTO public.personal (nro_legajo,apellido,nombre,sector,imagen,enabled,id_sector_trabajo) VALUES(34,'CAMARA','OSVALDO RAUL','Producción', '34.jpg',true,15);
INSERT INTO public.personal (nro_legajo,apellido,nombre,sector,imagen,enabled,id_sector_trabajo) VALUES(50,'CAPOBLE','RUBEN DARIO','Almacenes', '50.jpg',true,2);
INSERT INTO public.personal (nro_legajo,apellido,nombre,sector,imagen,enabled,id_sector_trabajo) VALUES(43,'CARDAMONE','JUAN CARLOS','Preprensa', '43.jpg',true,14);
INSERT INTO public.personal (nro_legajo,apellido,nombre,sector,imagen,enabled,id_sector_trabajo) VALUES(8,'CHA','JORGE ALBERTO','Mantenimiento Mec', '8.jpg',true,10);
INSERT INTO public.personal (nro_legajo,apellido,nombre,sector,imagen,enabled,id_sector_trabajo) VALUES(7,'CHIOZZA','OSVALDO DANIEL','Impresión', '7.jpg',true,6);
INSERT INTO public.personal (nro_legajo,apellido,nombre,sector,imagen,enabled,id_sector_trabajo) VALUES(80,'COSTANZO','RUBEN ARISTIDES','Mantenimiento Mec', '80.jpg',true,10);
INSERT INTO public.personal (nro_legajo,apellido,nombre,sector,imagen,enabled,id_sector_trabajo) VALUES(83,'DE MANAS','ANDRES','Producción', '83.jpg',true,15);
INSERT INTO public.personal (nro_legajo,apellido,nombre,sector,imagen,enabled,id_sector_trabajo) VALUES(942,'DE SANCTIS','MAXIMILIANO','Descartonado', '942.jpg',true,4);
INSERT INTO public.personal (nro_legajo,apellido,nombre,sector,imagen,enabled,id_sector_trabajo) VALUES(40,'DIAZ','SERGIO MIGUEL','Informática', '40.jpg',true,7);
INSERT INTO public.personal (nro_legajo,apellido,nombre,sector,imagen,enabled,id_sector_trabajo) VALUES(67,'DIAZ','HECTOR FEDERICO','Descartonado', '67.jpg',true,4);
INSERT INTO public.personal (nro_legajo,apellido,nombre,sector,imagen,enabled,id_sector_trabajo) VALUES(987,'ELGOTAS ','PABLO GABRIEL','Pegadora', '987.jpg',true,13);
INSERT INTO public.personal (nro_legajo,apellido,nombre,sector,imagen,enabled,id_sector_trabajo) VALUES(62,'ESPINOSA','LEONARDO JAVIER','Impresión', '62.jpg',true,6);
INSERT INTO public.personal (nro_legajo,apellido,nombre,sector,imagen,enabled,id_sector_trabajo) VALUES(66,'FERNANDEZ','FEDERICO FRANCISCO','Oficina Tecnica', '66.jpg', true,12);
INSERT INTO public.personal (nro_legajo,apellido,nombre,sector,imagen,enabled,id_sector_trabajo) VALUES(72,'FREYRE','JOSE ADAN','Preprensa', '72.jpg',true,14);
INSERT INTO public.personal (nro_legajo,apellido,nombre,sector,imagen,enabled,id_sector_trabajo) VALUES(13,'FUMIS','DANIEL ANTONIO','Pegadora', '13.jpg',true,13);
INSERT INTO public.personal (nro_legajo,apellido,nombre,sector,imagen,enabled,id_sector_trabajo) VALUES(944,'GONZALEZ','MATIAS','Pegadora', '944.jpg',true,13);
INSERT INTO public.personal (nro_legajo,apellido,nombre,sector,imagen,enabled,id_sector_trabajo) VALUES(945,'GONZALEZ','BRUNO','Pegadora', '945.jpg',true,13);
INSERT INTO public.personal (nro_legajo,apellido,nombre,sector,imagen,enabled,id_sector_trabajo) VALUES(18,'GUITART','SEBASTIAN MIGUEL','Impresión', '18.jpg',true,6);
INSERT INTO public.personal (nro_legajo,apellido,nombre,sector,imagen,enabled,id_sector_trabajo) VALUES(63,'HERNANDO','PABLO EZEQUIEL','Movimientos Internos', '63.jpg',true,11);
INSERT INTO public.personal (nro_legajo,apellido,nombre,sector,imagen,enabled,id_sector_trabajo) VALUES(973,'IEDRO','RICARDO FABIAN','Almacenes', '973.jpg',true,2);
INSERT INTO public.personal (nro_legajo,apellido,nombre,sector,imagen,enabled,id_sector_trabajo) VALUES(136,'INVINKELRIED','JAIRO','Mantenimiento Mec', '136.jpg',true,10);
INSERT INTO public.personal (nro_legajo,apellido,nombre,sector,imagen,enabled,id_sector_trabajo) VALUES(35,'JUNCOS','MIGUEL ANGEL','Troquelado', '35.jpg',true,17);
INSERT INTO public.personal (nro_legajo,apellido,nombre,sector,imagen,enabled,id_sector_trabajo) VALUES(82,'LAGGER','FERNANDO GABRIEL','Impresión', '82.jpg',true,6);
INSERT INTO public.personal (nro_legajo,apellido,nombre,sector,imagen,enabled,id_sector_trabajo) VALUES(71,'LOMAGNO','MIGUEL ANGEL','Pegadora', '71.jpg',true,13);
INSERT INTO public.personal (nro_legajo,apellido,nombre,sector,imagen,enabled,id_sector_trabajo) VALUES(91,'MACEDO ','ADRIAN GONZALO','Impresión', '91.jpg',true,6);
INSERT INTO public.personal (nro_legajo,apellido,nombre,sector,imagen,enabled,id_sector_trabajo) VALUES(146,'MARTINEZ','GUSTAVO','Mantenimiento', '146.jpg',true,8);
INSERT INTO public.personal (nro_legajo,apellido,nombre,sector,imagen,enabled,id_sector_trabajo) VALUES(953,'MAURI','PABLO','Almacenes', '953.jpg',true,2);
INSERT INTO public.personal (nro_legajo,apellido,nombre,sector,imagen,enabled,id_sector_trabajo) VALUES(6,'MAZZOLA','SERGIO HUGO','Mantenimiento Mec', '6.jpg',true,10);
INSERT INTO public.personal (nro_legajo,apellido,nombre,sector,imagen,enabled,id_sector_trabajo) VALUES(90,'MENDIETA','LEOPOLDO MANUEL','Administrativo', '90.jpg',true,1);
INSERT INTO public.personal (nro_legajo,apellido,nombre,sector,imagen,enabled,id_sector_trabajo) VALUES(77,'MENDOZA','DAMIAN','Pegadora', '77.jpg',true,13);
INSERT INTO public.personal (nro_legajo,apellido,nombre,sector,imagen,enabled,id_sector_trabajo) VALUES(57,'MIR','DIEGO DANIEL','Administrativo', '57.jpg',true,1);
INSERT INTO public.personal (nro_legajo,apellido,nombre,sector,imagen,enabled,id_sector_trabajo) VALUES(977,'MONZON','ALEJANDRO ESTEBAN','Pegadora', '977.jpg',true,13);
INSERT INTO public.personal (nro_legajo,apellido,nombre,sector,imagen,enabled,id_sector_trabajo) VALUES(73,'OSUNA','OSCAR MARCELO','Descartonado', '73.jpg',true,4);
INSERT INTO public.personal (nro_legajo,apellido,nombre,sector,imagen,enabled,id_sector_trabajo) VALUES(952,'OSUNA ','ENZO ROBERTO','Ayud. Gral.', '952.jpg',true,3);
INSERT INTO public.personal (nro_legajo,apellido,nombre,sector,imagen,enabled,id_sector_trabajo) VALUES(93,'OXLEY ','DARIO CESAR','Oficina Tecnica', '93.jpg',true,12);
INSERT INTO public.personal (nro_legajo,apellido,nombre,sector,imagen,enabled,id_sector_trabajo) VALUES(948,'PAVON','JONATAN','Almacenes', '948.jpg',true,2);
INSERT INTO public.personal (nro_legajo,apellido,nombre,sector,imagen,enabled,id_sector_trabajo) VALUES(2,'PEREZLINDO','JORGE MARIO','Impresión', '2.jpg',true,6);
INSERT INTO public.personal (nro_legajo,apellido,nombre,sector,imagen,enabled,id_sector_trabajo) VALUES(28,'PONTONI','EDUARDO GABRIEL','Pegadora', '28.jpg',true,13);
INSERT INTO public.personal (nro_legajo,apellido,nombre,sector,imagen,enabled,id_sector_trabajo) VALUES(36,'PONTONI','GABRIEL ALBERTO','Troquelado', '36.jpg',true,17);
INSERT INTO public.personal (nro_legajo,apellido,nombre,sector,imagen,enabled,id_sector_trabajo) VALUES(52,'RIOS','RUBEN ELVIO','Impresión', '52.jpg',true,6);
INSERT INTO public.personal (nro_legajo,apellido,nombre,sector,imagen,enabled,id_sector_trabajo) VALUES(84,'ROSSO','RODRIGO ARIEL','Administrativo', '84.jpg',true,1);
INSERT INTO public.personal (nro_legajo,apellido,nombre,sector,imagen,enabled,id_sector_trabajo) VALUES(87,'SAAVEDRA','HECTOR EUSEBIO','Descartonado', '87.jpg',true,4);
INSERT INTO public.personal (nro_legajo,apellido,nombre,sector,imagen,enabled,id_sector_trabajo) VALUES(979,'SAAVEDRA','LEANDRO','Troquelado', '979.jpg',true,17);
INSERT INTO public.personal (nro_legajo,apellido,nombre,sector,imagen,enabled,id_sector_trabajo) VALUES(38,'SAMBADE','HORACIO FRANCISCO','Pegadora', '38.jpg',true,13);
INSERT INTO public.personal (nro_legajo,apellido,nombre,sector,imagen,enabled,id_sector_trabajo) VALUES(954,'SCHMITD','MAXIMILIANO','Almacenes', '954.jpg',true,2);
INSERT INTO public.personal (nro_legajo,apellido,nombre,sector,imagen,enabled,id_sector_trabajo) VALUES(10,'TOSONE','ELVIO OMAR','Troquelado', '10.jpg',true,17);
INSERT INTO public.personal (nro_legajo,apellido,nombre,sector,imagen,enabled,id_sector_trabajo) VALUES(100,'VALENZUELA','RAUL ALEJANDRO','Impresión', '100.jpg',true,6);
INSERT INTO public.personal (nro_legajo,apellido,nombre,sector,imagen,enabled,id_sector_trabajo) VALUES(55,'VALLINI','FERNANDO ANIBAL','Administrativo', '55.jpg',true,1);
INSERT INTO public.personal (nro_legajo,apellido,nombre,sector,imagen,enabled,id_sector_trabajo) VALUES(959,'VAZQUEZ','MAXIMILIANO EMANUEL','Enfardado', '959.jpg',true,5);
INSERT INTO public.personal (nro_legajo,apellido,nombre,sector,imagen,enabled,id_sector_trabajo) VALUES(44,'VEGA','HUGO ROBERTO','Pegadora', '44.jpg',true,13);
INSERT INTO public.personal (nro_legajo,apellido,nombre,sector,imagen,enabled,id_sector_trabajo) VALUES(1,'VERCELLI','RUBEN CARLOS','Impresión', '1.jpg',true,6);


INSERT INTO public.usuario (id_usuario, contraseña, enabled, usuario, nombre, apellido) VALUES(100,'$2a$10$1EF13SS0g4miIVrvtpuxXueo6O0W/nJ5hNee2QqqCEYrxsfFXYLHa',true,'emiii','Emiliano','Mendoza');
INSERT INTO public.roles (id_rol, rol) VALUES(1,'USER');
INSERT INTO public.roles (id_rol, rol) VALUES(2,'ADMIN');
INSERT INTO public.roles (id_rol, rol) VALUES(3,'GUARDIA');
INSERT INTO public.roles (id_rol, rol) VALUES(4,'NOTIFICADOR');
INSERT INTO public.roles (id_rol, rol) VALUES(5,'AUTORIZADOR');

INSERT INTO public.usuario_roles (id_usuario, id_rol) VALUES(100,2);

INSERT INTO public.material VALUES(1,'Nylon');
INSERT INTO public.material VALUES(2,'Cauchos');
INSERT INTO public.material VALUES(3,'Sub cauchos');
INSERT INTO public.material VALUES(4,'Recortes cartulina');
INSERT INTO public.material VALUES(5,'Pliegos malos');
INSERT INTO public.material VALUES(6,'Pallets');
INSERT INTO public.material VALUES(7,'Troquel dado de baja');
INSERT INTO public.material VALUES(8,'Otro');


