INSERT INTO public.sector_trabajo (id_sector,sector,enabled) VALUES(1,'Administrativo', true);
INSERT INTO public.sector_trabajo (id_sector,sector,enabled) VALUES(2,'Almacenes', true);
INSERT INTO public.sector_trabajo (id_sector,sector,enabled) VALUES(3,'Ayud. Gral.', true);
INSERT INTO public.sector_trabajo (id_sector,sector,enabled) VALUES(4,'Descartonado', true);
INSERT INTO public.sector_trabajo (id_sector,sector,enabled) VALUES(5,'Enfardado', true);
INSERT INTO public.sector_trabajo (id_sector,sector,enabled) VALUES(6,'Impresión', true);
INSERT INTO public.sector_trabajo (id_sector,sector,enabled) VALUES(7,'Informática', true);
INSERT INTO public.sector_trabajo (id_sector,sector,enabled) VALUES(8,'Mantenimiento', true);
INSERT INTO public.sector_trabajo (id_sector,sector,enabled) VALUES(9,'Mantenimiento Eléctrico', true);
INSERT INTO public.sector_trabajo (id_sector,sector,enabled) VALUES(10,'Mantenimiento Mec', true);
INSERT INTO public.sector_trabajo (id_sector,sector,enabled) VALUES(11,'Movimientos Internos', true);
INSERT INTO public.sector_trabajo (id_sector,sector,enabled) VALUES(12,'Oficina Técnica', true);
INSERT INTO public.sector_trabajo (id_sector,sector,enabled) VALUES(13,'Pegadora', true);
INSERT INTO public.sector_trabajo (id_sector,sector,enabled) VALUES(14,'Preprensa', true);
INSERT INTO public.sector_trabajo (id_sector,sector,enabled) VALUES(15,'Producción', true);
INSERT INTO public.sector_trabajo (id_sector,sector,enabled) VALUES(16,'Tintas', true);
INSERT INTO public.sector_trabajo (id_sector,sector,enabled) VALUES(17,'Troquelado', true);


INSERT INTO public.personal (nro_legajo,apellido,nombre,imagen,enabled,id_sector_trabajo) VALUES(120,'ACOSTA ','FABIAN DANIEL', '120.jpg',true,9);
INSERT INTO public.personal (nro_legajo,apellido,nombre,imagen,enabled,id_sector_trabajo) VALUES(971,'ACUÑA','ANGEL RAUL', '971.jpg',true,13);
INSERT INTO public.personal (nro_legajo,apellido,nombre,imagen,enabled,id_sector_trabajo) VALUES(26,'ALZUGARAY','OSCAR LEOPOLDO', '26.jpg',true,2);
INSERT INTO public.personal (nro_legajo,apellido,nombre,imagen,enabled,id_sector_trabajo) VALUES(130,'ARCE','OSVALDO', '130.jpg',true,2);
INSERT INTO public.personal (nro_legajo,apellido,nombre,imagen,enabled,id_sector_trabajo) VALUES(41,'BENITEZ','ALDO JAVIER', '41.jpg',true,14);
INSERT INTO public.personal (nro_legajo,apellido,nombre,imagen,enabled,id_sector_trabajo) VALUES(968,'BILLOUD','CRISTIAN ARIEL', '968.jpg',true,2);
INSERT INTO public.personal (nro_legajo,apellido,nombre,imagen,enabled,id_sector_trabajo) VALUES(963,'BILLOUD','ADRIAN NICOLAS', '963.jpg',true,2);
INSERT INTO public.personal (nro_legajo,apellido,nombre,imagen,enabled,id_sector_trabajo) VALUES(947,'BILLOUD','LUCAS MATIAS', '947.jpg',true,13);
INSERT INTO public.personal (nro_legajo,apellido,nombre,imagen,enabled,id_sector_trabajo) VALUES(988,'BOLGIANI ','JESUS DAVID', '988.jpg',true,13);
INSERT INTO public.personal (nro_legajo,apellido,nombre,imagen,enabled,id_sector_trabajo) VALUES(64,'BRAVO','DANIEL HUGO', '64.jpg',true,14);
INSERT INTO public.personal (nro_legajo,apellido,nombre,imagen,enabled,id_sector_trabajo) VALUES(111,'BROLESE ','FABIO JOAQUIN', '111.jpg',true,9);
INSERT INTO public.personal (nro_legajo,apellido,nombre,imagen,enabled,id_sector_trabajo) VALUES(20,'BRUGNONI','SERGIO DANIEL', '20.jpg',true,6);
INSERT INTO public.personal (nro_legajo,apellido,nombre,imagen,enabled,id_sector_trabajo) VALUES(51,'BUSTAMANTE','GUSTAVO FABIAN', '51.jpg',true,2);
INSERT INTO public.personal (nro_legajo,apellido,nombre,imagen,enabled,id_sector_trabajo) VALUES(965,'CAIROLI','FERNANDO DAVID', '965.jpg',true,16);
INSERT INTO public.personal (nro_legajo,apellido,nombre,imagen,enabled,id_sector_trabajo) VALUES(138,'CAIROLI','IVAN ALEJANDRO', '138.jpg',true,1);
INSERT INTO public.personal (nro_legajo,apellido,nombre,imagen,enabled,id_sector_trabajo) VALUES(966,'CAIROLI','JAVIER MARCELO', '966.jpg',true,6);
INSERT INTO public.personal (nro_legajo,apellido,nombre,imagen,enabled,id_sector_trabajo) VALUES(34,'CAMARA','OSVALDO RAUL', '34.jpg',true,15);
INSERT INTO public.personal (nro_legajo,apellido,nombre,imagen,enabled,id_sector_trabajo) VALUES(50,'CAPOBLE','RUBEN DARIO', '50.jpg',true,2);
INSERT INTO public.personal (nro_legajo,apellido,nombre,imagen,enabled,id_sector_trabajo) VALUES(43,'CARDAMONE','JUAN CARLOS', '43.jpg',true,14);
INSERT INTO public.personal (nro_legajo,apellido,nombre,imagen,enabled,id_sector_trabajo) VALUES(8,'CHA','JORGE ALBERTO', '8.jpg',true,10);
INSERT INTO public.personal (nro_legajo,apellido,nombre,imagen,enabled,id_sector_trabajo) VALUES(7,'CHIOZZA','OSVALDO DANIEL', '7.jpg',true,6);
INSERT INTO public.personal (nro_legajo,apellido,nombre,imagen,enabled,id_sector_trabajo) VALUES(80,'COSTANZO','RUBEN ARISTIDES', '80.jpg',true,10);
INSERT INTO public.personal (nro_legajo,apellido,nombre,imagen,enabled,id_sector_trabajo) VALUES(83,'DE MANAS','ANDRES', '83.jpg',true,15);
INSERT INTO public.personal (nro_legajo,apellido,nombre,imagen,enabled,id_sector_trabajo) VALUES(942,'DE SANCTIS','MAXIMILIANO', '942.jpg',true,4);
INSERT INTO public.personal (nro_legajo,apellido,nombre,imagen,enabled,id_sector_trabajo) VALUES(40,'DIAZ','SERGIO MIGUEL', '40.jpg',true,7);
INSERT INTO public.personal (nro_legajo,apellido,nombre,imagen,enabled,id_sector_trabajo) VALUES(67,'DIAZ','HECTOR FEDERICO', '67.jpg',true,4);
INSERT INTO public.personal (nro_legajo,apellido,nombre,imagen,enabled,id_sector_trabajo) VALUES(987,'ELGOTAS ','PABLO GABRIEL', '987.jpg',true,13);
INSERT INTO public.personal (nro_legajo,apellido,nombre,imagen,enabled,id_sector_trabajo) VALUES(62,'ESPINOSA','LEONARDO JAVIER', '62.jpg',true,6);
INSERT INTO public.personal (nro_legajo,apellido,nombre,imagen,enabled,id_sector_trabajo) VALUES(66,'FERNANDEZ','FEDERICO FRANCISCO', '66.jpg', true,12);
INSERT INTO public.personal (nro_legajo,apellido,nombre,imagen,enabled,id_sector_trabajo) VALUES(72,'FREYRE','JOSE ADAN', '72.jpg',true,14);
INSERT INTO public.personal (nro_legajo,apellido,nombre,imagen,enabled,id_sector_trabajo) VALUES(13,'FUMIS','DANIEL ANTONIO', '13.jpg',true,13);
INSERT INTO public.personal (nro_legajo,apellido,nombre,imagen,enabled,id_sector_trabajo) VALUES(944,'GONZALEZ','MATIAS', '944.jpg',true,13);
INSERT INTO public.personal (nro_legajo,apellido,nombre,imagen,enabled,id_sector_trabajo) VALUES(945,'GONZALEZ','BRUNO', '945.jpg',true,13);
INSERT INTO public.personal (nro_legajo,apellido,nombre,imagen,enabled,id_sector_trabajo) VALUES(18,'GUITART','SEBASTIAN MIGUEL', '18.jpg',true,6);
INSERT INTO public.personal (nro_legajo,apellido,nombre,imagen,enabled,id_sector_trabajo) VALUES(63,'HERNANDO','PABLO EZEQUIEL', '63.jpg',true,11);
INSERT INTO public.personal (nro_legajo,apellido,nombre,imagen,enabled,id_sector_trabajo) VALUES(973,'IEDRO','RICARDO FABIAN', '973.jpg',true,2);
INSERT INTO public.personal (nro_legajo,apellido,nombre,imagen,enabled,id_sector_trabajo) VALUES(136,'INVINKELRIED','JAIRO', '136.jpg',true,10);
INSERT INTO public.personal (nro_legajo,apellido,nombre,imagen,enabled,id_sector_trabajo) VALUES(35,'JUNCOS','MIGUEL ANGEL', '35.jpg',true,17);
INSERT INTO public.personal (nro_legajo,apellido,nombre,imagen,enabled,id_sector_trabajo) VALUES(82,'LAGGER','FERNANDO GABRIEL', '82.jpg',true,6);
INSERT INTO public.personal (nro_legajo,apellido,nombre,imagen,enabled,id_sector_trabajo) VALUES(71,'LOMAGNO','MIGUEL ANGEL', '71.jpg',true,13);
INSERT INTO public.personal (nro_legajo,apellido,nombre,imagen,enabled,id_sector_trabajo) VALUES(91,'MACEDO ','ADRIAN GONZALO', '91.jpg',true,6);
INSERT INTO public.personal (nro_legajo,apellido,nombre,imagen,enabled,id_sector_trabajo) VALUES(146,'MARTINEZ','GUSTAVO', '146.jpg',true,8);
INSERT INTO public.personal (nro_legajo,apellido,nombre,imagen,enabled,id_sector_trabajo) VALUES(953,'MAURI','PABLO', '953.jpg',true,2);
INSERT INTO public.personal (nro_legajo,apellido,nombre,imagen,enabled,id_sector_trabajo) VALUES(6,'MAZZOLA','SERGIO HUGO', '6.jpg',true,10);
INSERT INTO public.personal (nro_legajo,apellido,nombre,imagen,enabled,id_sector_trabajo) VALUES(90,'MENDIETA','LEOPOLDO MANUEL', '90.jpg',true,1);
INSERT INTO public.personal (nro_legajo,apellido,nombre,imagen,enabled,id_sector_trabajo) VALUES(77,'MENDOZA','DAMIAN', '77.jpg',true,13);
INSERT INTO public.personal (nro_legajo,apellido,nombre,imagen,enabled,id_sector_trabajo) VALUES(57,'MIR','DIEGO DANIEL', '57.jpg',true,1);
INSERT INTO public.personal (nro_legajo,apellido,nombre,imagen,enabled,id_sector_trabajo) VALUES(977,'MONZON','ALEJANDRO ESTEBAN', '977.jpg',true,13);
INSERT INTO public.personal (nro_legajo,apellido,nombre,imagen,enabled,id_sector_trabajo) VALUES(73,'OSUNA','OSCAR MARCELO', '73.jpg',true,4);
INSERT INTO public.personal (nro_legajo,apellido,nombre,imagen,enabled,id_sector_trabajo) VALUES(952,'OSUNA ','ENZO ROBERTO', '952.jpg',true,3);
INSERT INTO public.personal (nro_legajo,apellido,nombre,imagen,enabled,id_sector_trabajo) VALUES(93,'OXLEY ','DARIO CESAR', '93.jpg',true,12);
INSERT INTO public.personal (nro_legajo,apellido,nombre,imagen,enabled,id_sector_trabajo) VALUES(948,'PAVON','JONATAN', '948.jpg',true,2);
INSERT INTO public.personal (nro_legajo,apellido,nombre,imagen,enabled,id_sector_trabajo) VALUES(2,'PEREZLINDO','JORGE MARIO', '2.jpg',true,6);
INSERT INTO public.personal (nro_legajo,apellido,nombre,imagen,enabled,id_sector_trabajo) VALUES(28,'PONTONI','EDUARDO GABRIEL', '28.jpg',true,13);
INSERT INTO public.personal (nro_legajo,apellido,nombre,imagen,enabled,id_sector_trabajo) VALUES(36,'PONTONI','GABRIEL ALBERTO', '36.jpg',true,17);
INSERT INTO public.personal (nro_legajo,apellido,nombre,imagen,enabled,id_sector_trabajo) VALUES(52,'RIOS','RUBEN ELVIO', '52.jpg',true,6);
INSERT INTO public.personal (nro_legajo,apellido,nombre,imagen,enabled,id_sector_trabajo) VALUES(84,'ROSSO','RODRIGO ARIEL', '84.jpg',true,1);
INSERT INTO public.personal (nro_legajo,apellido,nombre,imagen,enabled,id_sector_trabajo) VALUES(87,'SAAVEDRA','HECTOR EUSEBIO', '87.jpg',true,4);
INSERT INTO public.personal (nro_legajo,apellido,nombre,imagen,enabled,id_sector_trabajo) VALUES(979,'SAAVEDRA','LEANDRO', '979.jpg',true,17);
INSERT INTO public.personal (nro_legajo,apellido,nombre,imagen,enabled,id_sector_trabajo) VALUES(38,'SAMBADE','HORACIO FRANCISCO', '38.jpg',true,13);
INSERT INTO public.personal (nro_legajo,apellido,nombre,imagen,enabled,id_sector_trabajo) VALUES(954,'SCHMITD','MAXIMILIANO', '954.jpg',true,2);
INSERT INTO public.personal (nro_legajo,apellido,nombre,imagen,enabled,id_sector_trabajo) VALUES(10,'TOSONE','ELVIO OMAR', '10.jpg',true,17);
INSERT INTO public.personal (nro_legajo,apellido,nombre,imagen,enabled,id_sector_trabajo) VALUES(100,'VALENZUELA','RAUL ALEJANDRO', '100.jpg',true,6);
INSERT INTO public.personal (nro_legajo,apellido,nombre,imagen,enabled,id_sector_trabajo) VALUES(55,'VALLINI','FERNANDO ANIBAL', '55.jpg',true,1);
INSERT INTO public.personal (nro_legajo,apellido,nombre,imagen,enabled,id_sector_trabajo) VALUES(959,'VAZQUEZ','MAXIMILIANO EMANUEL', '959.jpg',true,5);
INSERT INTO public.personal (nro_legajo,apellido,nombre,imagen,enabled,id_sector_trabajo) VALUES(44,'VEGA','HUGO ROBERTO', '44.jpg',true,13);
INSERT INTO public.personal (nro_legajo,apellido,nombre,imagen,enabled,id_sector_trabajo) VALUES(1,'VERCELLI','RUBEN CARLOS', '1.jpg',true,6);


INSERT INTO public.usuario (id_usuario, contraseña, enabled, usuario, nombre, apellido) VALUES(100,'$2a$10$1EF13SS0g4miIVrvtpuxXueo6O0W/nJ5hNee2QqqCEYrxsfFXYLHa',true,'emiii','Emiliano','Mendoza');
INSERT INTO public.roles (id_rol, rol) VALUES(1,'USER');
INSERT INTO public.roles (id_rol, rol) VALUES(2,'ADMIN');
INSERT INTO public.roles (id_rol, rol) VALUES(3,'GUARDIA');
INSERT INTO public.roles (id_rol, rol) VALUES(4,'NOTIFICADOR');
INSERT INTO public.roles (id_rol, rol) VALUES(5,'AUTORIZADOR');

INSERT INTO public.usuario_roles (id_usuario, id_rol) VALUES(100,2);

INSERT INTO public.material VALUES(1,'Nylon');
INSERT INTO public.material VALUES(2,'Cauchos');
INSERT INTO public.material VALUES(3,'Sub cauchos');
INSERT INTO public.material VALUES(4,'Recortes cartulina');
INSERT INTO public.material VALUES(5,'Pliegos malos');
INSERT INTO public.material VALUES(6,'Pallets');
INSERT INTO public.material VALUES(7,'Troquel dado de baja');
INSERT INTO public.material VALUES(8,'Otro');


